Time,Real-time price,Real-time load,local generation,Real-time tie-line power,wind output,Photovoltaic output,Hydro/pumped-storage output,nuclear output,Total Self-Owned Generation,2m air temperature,2m dew-point temperature,Sea-level pressure,surface pressure,Total precipitation,rainfall,snowfall,2m relative humidity,apparent temperature,10m gust speed,10m wind direction,10m wind speed,100m wind speed
2025/1/1 00:00,302.12,60225.504,8745.805,16800.895,8128.21,25.31,-7.163,11.366,4550.246,0.31,-10.04,1022.8,987.76,0,0,0,45.75,-4.57,6.1,197.85,3.1,7.42
2025/1/1 01:00,308.89,59518.566,8718.483,16944.609,7017.88,25.38,-1171.146,11.822,4571.161,-0.04,-9.44,1022.5,987.42,0,0,0,49.2,-4.74,5.7,203.86,2.84,7.07
2025/1/1 02:00,350.99,58849.824,8696.284,16858.812,6328.21,25.3,-1164.727,12.165,4589.174,-0.34,-8.79,1022.7,987.58,0,0,0,52.91,-4.9,5.2,204.18,2.69,6.81
2025/1/1 03:00,367.25,58482.06,8732.04,16656.058,5537.83,24.94,-312.555,10.872,4595.289,-0.64,-8.19,1022.6,987.44,0,0,0,56.66,-5.07,4.9,204.54,2.53,6.48
2025/1/1 04:00,368.07,58843.402,8785.779,16774.333,4931.35,25.12,-1.883,11.86,4598.774,-0.94,-7.74,1022.3,987.12,0,0,0,59.97,-5.21,4.5,207.12,2.3,6.01
2025/1/1 05:00,322.22,60527.66,8747.957,20747.722,4145.61,25.51,151.052,12.203,4670.536,-0.99,-7.44,1022.3,987.11,0,0,0,61.6,-5.22,4,206,2.28,5.87
2025/1/1 06:00,314.42,62747.934,8801.363,22209.887,3357.7,26.01,861.367,11.822,4682.959,-1.19,-7.24,1022.5,987.28,0,0,0,63.48,-5.31,3.9,202.31,2.11,5.23
2025/1/1 07:00,358.53,68598.016,8748.71,22412.701,2746.47,950.86,1306.086,11.518,4665.77,-1.44,-7.19,1022.7,987.44,0,0,0,64.9,-5.47,3.5,202.62,1.95,4.36
2025/1/1 08:00,376.67,66548.1,8809.337,21228.28,2166,4498.74,-2.054,12.431,4628.681,-0.39,-7.14,1022.9,987.76,0,0,0,60.34,-4.39,3.3,198.44,1.9,3.96
2025/1/1 09:00,260.4,62100.54,8750.064,20721.648,1412.86,7929.09,-2015.208,12.849,4587.74,1.81,-7.74,1023.5,988.62,0,0,0,49.16,-2.59,4.7,182.25,2.55,4.07
2025/1/1 10:00,164.05,59190.11,8726.916,20193.523,1049.27,9890.3,-2285.576,11.632,4504.143,4.91,-7.94,1023.7,989.19,0,0,0,38.9,0.68,5,181.3,2.2,4.18
2025/1/1 11:00,117.35,55277.85,8626.407,18142.266,1296.69,10648.84,-2270.174,0,4467.739,7.31,-8.44,1023.5,989.29,0,0,0,31.71,2.95,5.6,183.65,2.35,3.27
2025/1/1 12:00,158.56,54549.434,8644.773,17802.874,2223.73,9989.54,-2227.971,0,4484.08,8.86,-8.89,1022.2,988.22,0,0,0,27.55,4.33,6.1,186.58,2.62,3.43
2025/1/1 13:00,133.45,57418.96,8693.367,18037.87,3052.47,8231.89,-2200.311,0,4525.633,9.81,-9.19,1021.3,987.46,0,0,0,25.25,5.3,6.1,187.97,2.52,3.24
2025/1/1 14:00,236.45,61660.832,8779.1,18171.885,3791.33,5313.69,-7.456,0,4502.156,10.11,-9.29,1020.5,986.72,0,0,0,24.55,5.76,5.8,180,2.2,2.85
2025/1/1 15:00,355.06,65359.51,8930.237,19207.044,4044.73,1667.43,1364.29,0,4439.318,9.81,-9.29,1020.3,986.49,0,0,0,25.05,5.59,5,175.6,1.96,2.75
2025/1/1 16:00,351.32,70838.266,8900.474,22249.87,4573.17,63.84,2017.897,0,4426.711,6.36,-8.34,1020.4,986.18,0,0,0,34.1,2.52,3.5,127.69,1.39,3.23
2025/1/1 17:00,344.27,72846.9,9008.019,23261.047,6032.61,32.56,2135.816,0,4422.103,3.36,-8.84,1020.9,986.3,0,0,0,40.43,-0.04,2.2,102.53,0.46,2.37
2025/1/1 18:00,319.46,71235.16,9040.344,23649.671,7162.9,33.13,1604.743,0,4439.198,1.36,-8.49,1022,987.11,0,0,0,47.9,-2.01,1,12.53,0.46,0.92
2025/1/1 19:00,315.01,71176.91,8991.214,24036.601,7346.45,31.7,558.211,0,4440.68,-0.24,-7.89,1022.7,987.59,0,0,0,56.33,-3.59,1.1,338.2,0.54,1.14
2025/1/1 20:00,328.01,69500.38,8999.816,23134.77,7148.01,29.41,320.872,0,4505.327,-1.69,-7.54,1023.3,987.99,0,0,0,64.35,-5.15,1.4,291.8,0.81,1.4
2025/1/1 21:00,330.26,66319.07,8932.424,22838.747,6291.76,29.63,-1.909,0,4540.82,-0.99,-5.99,1024.2,988.94,0,0,0,68.85,-4.42,1.6,313.03,1.03,1.63
2025/1/1 22:00,290.1,61779.32,8874.748,19306.017,5251.9,29.06,-1.975,0,4542.306,-1.79,-6.14,1024.8,989.42,0,0,0,72.18,-5.14,1.9,310.24,0.85,2.24
2025/1/1 23:00,285.21,59116.035,8821.236,18147.464,5100.83,28.05,-1.88,0,4530.058,-1.94,-6.34,1025.4,989.98,0,0,0,71.87,-5.16,1.5,307.88,0.57,2.22
2025/1/2 00:00,286.43,57418.934,8862.415,16134.425,5430.59,27.88,-1.975,0,4550.193,-2.54,-6.49,1026,990.48,0,0,0,74.27,-6.35,2.8,334.98,1.66,4.17
2025/1/2 01:00,244.14,56915.4,8754.601,16145.672,6276.46,27.92,-1.837,0,4638.006,-2.54,-5.24,1026.1,990.58,0,0,0,81.69,-6.53,4,332.3,2.26,5.6
2025/1/2 02:00,227.8,56975.34,8742.656,16288.942,8007.02,31.89,-959.038,0,4645.159,-2.89,-3.94,1026.6,991.02,0,0,0,92.47,-6.78,4.4,333.44,2.35,5.7
2025/1/2 03:00,169.1,57095.61,8743.505,16217.391,9008.16,35.3,-1240.459,0,4632.686,-3.04,-3.74,1026.8,991.19,0,0,0,94.91,-7.05,4.7,342.26,2.62,5.96
2025/1/2 04:00,194.03,58223.594,8760.508,16095.118,10795.83,34.11,-1224.097,0,4636.194,-2.99,-3.49,1027,991.39,0,0,0,96.34,-7.06,5.2,341.24,2.8,6.28
2025/1/2 05:00,176.5,61925.527,8789.348,19981.926,11522.06,35.67,-1173.597,0,4646.631,-2.84,-2.99,1027.8,992.18,0,0,0,98.89,-7.13,6.1,334.2,3.33,6.74
2025/1/2 06:00,45.44,67425.65,8847.593,21777.836,11967.39,30.46,-1.875,0,4627.584,-2.04,-2.24,1028.3,992.77,0,0,0,98.53,-6.24,6.2,338.04,3.34,6.43
2025/1/2 07:00,287.41,76284.94,8862.623,21659.998,12020.29,904.42,973.352,0,4589.023,-1.59,-1.79,1028.9,993.41,0,0,0,98.54,-5.76,6.1,346.37,3.4,6.35
2025/1/2 08:00,322.18,77991.46,8814.821,21133.347,10986.96,4695.84,525.013,0,4586.694,-1.49,-1.64,1029.8,994.29,0,0,0,98.9,-5.71,6.5,343.61,3.54,6.48
2025/1/2 09:00,298.06,75658.79,8794.258,20658.66,8876.32,7702.59,-6.419,0,4580.117,-0.74,-1.54,1030.9,995.45,0,0,0,94.31,-4.93,6.8,345.96,3.5,5.02
2025/1/2 10:00,294.09,73752.21,8698.984,20206.23,7647.96,9355.86,-1149.003,0,4546.791,0.66,-1.99,1031.4,996.11,0,0,0,82.43,-3.62,7.3,357.58,3.55,4.8
2025/1/2 11:00,295.11,67429.5,8688.761,18091.679,6870.65,10022.15,-1741.568,0,4503.135,2.26,-2.89,1031.3,996.21,0,0,0,68.76,-2.24,8,3.05,3.76,5.02
2025/1/2 12:00,272.53,67498.89,8714.073,17895.909,6207.49,9185.05,-1705.072,0,4570.311,3.06,-4.69,1030.3,995.34,0,0,0,56.78,-1.66,8.2,3.81,3.76,4.93
2025/1/2 13:00,312.95,71109.22,8743.666,18029.937,5449.73,7670.35,-1111.934,0,4569.097,3.46,-6.04,1029.6,994.72,0,0,0,49.83,-1.53,8.3,0.72,4,5.25
2025/1/2 14:00,371.41,74200.04,8752.862,18183.572,3922.13,5012.23,-290.223,0,4612.653,3.51,-6.74,1028.9,994.05,0,0,0,47.07,-1.63,8.6,3.45,4.16,5.56
2025/1/2 15:00,437.75,76422.29,8884.76,18865.888,3180.81,1722.85,151.082,0,4496.599,2.91,-6.84,1029.2,994.26,0,0,0,48.73,-2.1,8.5,8.13,3.89,5.3
2025/1/2 16:00,467.26,79590.93,9020.907,21782.463,3208.83,66.6,2112.887,0,4531.4,1.81,-6.24,1029.7,994.61,0,0,0,55.17,-2.61,7.6,17.18,2.88,4.74
2025/1/2 17:00,417.18,80352.81,8975.744,23258.155,3485.54,25.74,1769.65,0,4545.052,-1.24,-5.94,1029.9,994.42,0,0,0,70.39,-5.21,5.3,37.15,2.07,5.28
2025/1/2 18:00,403.49,77899.58,8982.386,23442.129,3230.88,24.78,1588.363,0,4482.895,-2.24,-5.74,1030.4,994.77,0,0,0,76.92,-6.13,3.8,52.25,1.96,5.02
2025/1/2 19:00,389.54,76674.9,8951.198,23673.27,2771.44,25.44,1390.565,0,4480.259,-2.84,-5.84,1030.8,995.08,0,0,0,79.81,-6.43,3.3,56.89,1.37,3.61
2025/1/2 20:00,389.55,74661.92,8931.723,22637.377,2221.25,24.94,428.675,0,4471.999,-2.94,-5.89,1031.2,995.45,0,0,0,80.1,-6.12,2.3,30.96,0.58,2.37
2025/1/2 21:00,386.97,71654.13,8861.445,22390.719,2010.04,24.74,-1.689,0,4560.169,-2.29,-5.84,1031.5,995.83,0,0,0,76.62,-5.3,1.4,21.8,0.27,1.19
2025/1/2 22:00,370.29,66883.15,8868.201,19170.169,1823.91,25.23,-1.702,0,4598.53,-2.79,-5.89,1031.9,996.15,0,0,0,79.21,-5.75,1.1,251.56,0.16,1.07
2025/1/2 23:00,366.45,63566.824,8800.343,18070.754,2104.29,25.2,-1.786,0,4584.835,-3.64,-6.14,1031.9,996.04,0,0,0,82.79,-6.78,1.2,220.6,0.46,1.22
2025/1/3 00:00,314.03,62065.457,8828.724,16173.954,2337.11,25.48,-1.837,0,4569.249,-4.49,-6.49,1031.5,995.54,0,0,0,85.91,-7.85,1.5,201.8,0.81,1.3
2025/1/3 01:00,307.35,61083.227,8827.581,16408.27,2646.65,25.35,-603.686,0,4598.858,-4.99,-6.84,1031.1,995.09,0,0,0,86.85,-8.49,1.7,200.22,1.01,1.75
2025/1/3 02:00,309.76,61040.336,8787.738,16309.915,3065.07,26.28,-1164.974,0,4594.816,-5.14,-7.14,1031.1,995.07,0,0,0,85.84,-8.72,1.8,195.95,1.09,1.87
2025/1/3 03:00,313.29,61014.65,8817.217,16338.077,3817.04,26.2,-624.814,0,4629.043,-5.29,-7.44,1030.8,994.76,0,0,0,84.84,-8.86,1.8,202.83,1.03,2.1
2025/1/3 04:00,308.87,62089.48,8790.977,16302.511,4165.46,26.05,-1.842,0,4618.733,-5.49,-7.74,1030.3,994.25,0,0,0,84.16,-9.09,1.8,209.05,1.03,2.35
2025/1/3 05:00,306.6,65642.58,8805.385,20307.675,3715.45,26.66,-1.841,0,4563.127,-5.49,-8.14,1030.1,994.06,0,0,0,81.59,-9.04,1.8,203.63,0.87,2.34
2025/1/3 06:00,311.85,71046.016,8859.104,21647.733,3629.4,26.33,673.408,0,4528.115,-5.54,-8.54,1030.3,994.24,0,0,0,79.4,-9.12,1.7,200.56,0.85,2.25
2025/1/3 07:00,343.31,79542.15,8878.06,22328.178,4012.18,1065.96,1022.564,0,4538.272,-5.64,-9.09,1030.8,994.71,0,0,0,76.64,-9.3,1.7,202.38,0.92,2.11
2025/1/3 08:00,366.09,77461.586,8787.012,21093.345,3154.49,6002.03,503.05,0,4542.314,-4.44,-9.74,1031.1,995.16,0,0,0,66.51,-8.21,1.9,202.83,1.03,2.16
2025/1/3 09:00,305.73,72069.18,8735.419,20720.938,3215.25,9924.01,-860.615,0,4448.002,-1.74,-10.54,1031.9,996.28,0,0,0,51.07,-5.76,3.4,210.26,1.39,2.16
2025/1/3 10:00,254.68,68919.586,8636.672,20153.266,3682.41,12023.28,-1168.959,0,4376.911,1.51,-12.74,1031.9,996.7,0,0,0,33.83,-2.55,3.7,239.04,1.17,1.92
2025/1/3 11:00,154.64,61930.695,8630.252,18163.943,4048.98,12897.13,-2067.495,0,4339.263,3.06,-15.19,1031.6,996.6,0,0,0,24.81,-1.22,4.3,274.4,1.3,1.68
2025/1/3 12:00,63.71,61742.54,8693.555,17828.838,3394.4,12338.41,-2013.73,0,4324.522,3.86,-16.04,1030.5,995.64,0,0,0,21.85,-0.44,4.4,279.09,1.27,1.58
2025/1/3 13:00,188.45,65880.24,8657.451,17992.312,3153.73,10475.73,-1138.67,0,4357.055,4.36,-16.34,1029.6,994.83,0,0,0,20.58,0.12,4.4,259.7,1.12,1.41
2025/1/3 14:00,295.12,70348.164,8731.038,18173.191,2649.12,7163.59,-0.986,0,4442.811,4.61,-16.54,1028.9,994.18,0,0,0,19.89,0.64,4.1,239.04,0.58,0.85
2025/1/3 15:00,327.6,74729.46,8842.426,18768.936,2154.43,2298.55,976.691,0,4435.889,4.41,-16.79,1028.3,993.58,0,0,0,19.75,0.5,3.2,96.34,0.45,0.45
2025/1/3 16:00,348.45,79326.234,8924.869,21984.783,2103.73,68.95,1632.998,0,4422.728,2.26,-15.54,1028.1,993.12,0,0,0,25.51,-1.77,2.3,93.58,0.8,2.06
2025/1/3 17:00,354.92,80075.37,8973.243,23566.216,2271.23,24.37,1179.03,0,4441.286,-0.74,-16.49,1027.9,992.55,0,0,0,29.26,-4.64,1,83.66,0.45,1.98
2025/1/3 18:00,340.6,77958.805,8957.233,24182.503,2501.42,24.15,994.22,0,4461.642,-1.49,-16.49,1028.3,992.84,0,0,0,30.91,-5.4,0.9,122.01,0.47,1.91
2025/1/3 19:00,327.6,76773.13,8935.3,24023.152,2926.07,24.34,649.408,0,4479.082,-2.59,-16.49,1028.6,992.99,0,0,0,33.52,-6.91,2.1,151.39,1.25,2.94
2025/1/3 20:00,323.45,74988.01,8925.203,23164.149,3160.09,24.75,429.828,0,4457.717,-3.04,-16.69,1028.3,992.64,0,0,0,34.09,-7.21,2.1,152.1,0.96,2.41
2025/1/3 21:00,314.59,71813.32,8911.337,22873.935,3710.46,24.66,-1.629,0,4498.221,-2.54,-15.34,1028.8,993.19,0,0,0,36.74,-6.84,2.1,160.2,1.33,2.55
2025/1/3 22:00,303.46,67085.12,8856.231,19154.265,4294.27,25.31,-1.597,0,4528.338,-3.29,-15.44,1028.8,993.09,0,0,0,38.53,-7.75,2.7,188.88,1.62,3.05
2025/1/3 23:00,298.41,63542.223,8826.853,17879.543,5072.68,24.69,-1.676,0,4548.538,-3.59,-14.89,1028.5,992.76,0,0,0,41.23,-8.16,3.3,193.67,1.9,3.84
2025/1/4 00:00,329.2,61984.1,8857.087,16881.423,5782.53,24.81,-1.778,0,4536.66,-3.44,-14.09,1028.1,992.39,0,0,0,43.53,-8.15,4.1,196.82,2.25,5.13
2025/1/4 01:00,310.26,60776.492,8833.585,16879.596,5998.12,25.97,-859.22,0,4534.032,-2.94,-13.79,1028,992.36,0,0,0,42.98,-7.73,4.4,202.89,2.44,6.14
2025/1/4 02:00,320.64,60717.95,8822.618,16803.882,6099.9,25.11,-1173.734,0,4524.078,-2.44,-13.24,1027.8,992.23,0,0,0,43.31,-7.18,4.6,203.36,2.4,6.15
2025/1/4 03:00,331.99,60653.195,8847.598,16878.151,6008.27,24.9,-630.833,0,4638.31,-2.29,-11.69,1027.2,991.67,0,0,0,48.53,-6.87,4.5,203.2,2.28,5.87
2025/1/4 04:00,334.16,61201.652,8802.287,16831.557,6074.95,23.78,-1.779,0,4669.068,-2.19,-10.04,1026.7,991.2,0,0,0,54.93,-6.67,4.3,202.71,2.33,5.73
2025/1/4 05:00,320.21,63681.523,8774.559,20769.627,6219.27,25.39,-1.864,0,4638.516,-2.04,-9.24,1026.5,991.03,0,0,0,57.85,-6.56,4.6,202.01,2.53,6.09
2025/1/4 06:00,301.68,66908.76,8837.808,22070.237,6169.99,25.18,768.207,0,4648.668,-2.04,-8.99,1026.4,990.93,0,0,0,58.99,-6.56,4.7,201.6,2.58,6.27
2025/1/4 07:00,357.32,76389.97,8865.542,22541.289,6360.22,838.92,1028.551,0,4646.868,-2.04,-9.14,1026.5,991.03,0,0,0,58.3,-6.59,4.8,200.17,2.61,6.37
2025/1/4 08:00,373.64,77616.14,8889.655,21190.561,6170.13,3853.29,652.792,0,4656.119,-1.09,-9.24,1026.5,991.15,0,0,0,53.95,-5.86,5.3,201.45,3.01,6.58
2025/1/4 09:00,361.77,74415.96,8863.523,20699.872,4637.39,6652.86,-321.108,0,4605.829,0.66,-9.89,1026.8,991.66,0,0,0,45.14,-4.41,6.1,205.46,3.49,6.4
2025/1/4 10:00,359.96,72771.414,8795.155,20282.618,3035.06,8482.53,-2333.702,0,4538.464,3.31,-9.54,1026.9,992.09,0,0,0,38.41,-1.62,6.7,214.42,3.27,5.4
2025/1/4 11:00,373.04,66652.36,8783.476,18257.518,2851.73,9300.18,-2315.189,0,4531.781,5.41,-8.04,1026.4,991.86,0,0,0,37.28,0.31,7.9,218.66,3.84,5.25
2025/1/4 12:00,360.43,67728.664,8748.173,18017.309,2733.4,8766.35,-2276.917,0,4488.197,6.81,-6.64,1025.4,991.07,0,0,0,37.7,1.8,8.3,222.42,3.93,5.13
2025/1/4 13:00,374.7,70835.84,8791.922,17860.154,2873.4,6907.79,-1396.043,0,4561.908,7.66,-6.14,1024,989.82,0,0,0,36.96,2.87,8.2,226.12,3.61,4.74
2025/1/4 14:00,392.84,74007.09,8846.036,18252.906,2901.86,4235.96,-564.389,0,4600.235,8.01,-5.79,1023.1,988.99,0,0,0,37.07,3.22,7.7,231.1,3.66,4.82
2025/1/4 15:00,424.71,76315.6,8862.716,19129.698,3469.41,1398.14,1605.894,0,4473.696,7.66,-5.79,1022.3,988.17,0,0,0,37.96,3.18,7.5,234.25,3.08,4.23
2025/1/4 16:00,397.73,79533.805,8909.92,21946.796,4110.34,38.04,2139.824,0,4465.257,5.51,-5.39,1022.6,988.2,0,0,0,45.36,1.5,6,221.42,2.27,5.17
2025/1/4 17:00,381.54,79312.53,8966.34,23391.321,4486.87,24.19,2011.119,0,4481.29,1.26,-5.04,1022.4,987.49,0,0,0,62.87,-2.62,4.2,215.22,2.08,5.17
2025/1/4 18:00,376.01,76368.98,8993.433,23819.549,6332.36,24.57,989.002,12.697,4451.08,0.51,-4.74,1022.6,987.59,0,0,0,67.88,-3.43,4,213.34,2.27,5.7
2025/1/4 19:00,364.12,75422.97,8970.6,24191.072,8098.84,24.69,503.562,13.153,4457.994,-0.09,-4.49,1022.4,987.32,0,0,0,72.24,-3.99,4,206.56,2.24,5.61
2025/1/4 20:00,353.36,73421.46,8922.132,23396.521,9192.78,24.28,-1.477,12.773,4455.365,-0.34,-3.89,1022.8,987.67,0,0,0,76.95,-4.41,4.9,207.51,2.71,6.52
2025/1/4 21:00,335.08,70563.336,8855.34,22765.321,10023.86,24.91,-1.641,12.773,4494.843,0.41,-3.14,1022.7,987.67,0,0,0,77.08,-3.4,5.2,214.7,2.37,6.1
2025/1/4 22:00,294,65913.02,8834.221,19337.556,10298.35,25.5,-1.809,12.089,4549.394,0.76,-2.94,1022.7,987.72,0,0,0,76.28,-3.35,5.7,222.98,3.01,7.21
2025/1/4 23:00,242.12,62328.11,8785.048,18022.24,10786.43,26.06,-1.797,12.545,4536.262,0.61,-2.74,1022.2,987.21,0,0,0,78.26,-3.38,5.5,218.5,2.81,6.63
2025/1/5 00:00,199.88,60937.824,8769.25,16958.78,10603.17,25.86,-548.135,12.849,4503.555,0.36,-2.44,1021.9,986.89,0,0,0,81.48,-3.68,5.5,218.21,2.99,6.92
2025/1/5 01:00,214.68,59978.023,8800.313,16833.488,9625.65,25.9,-1166.697,12.241,4537.472,-0.39,-2.44,1021.3,986.22,0,0,0,86.04,-4.35,5.5,219.29,2.84,6.96
2025/1/5 02:00,259.89,59982.04,8785.025,16742.496,8863.25,25.17,-626.556,12.773,4519.992,-0.69,-2.49,1021,985.89,0,0,0,87.61,-4.57,5.2,216.66,2.68,6.77
2025/1/5 03:00,267.95,59849.74,8771.735,17048.221,8362.38,25.45,-1.82,12.621,4529.918,-0.89,-2.59,1020.5,985.38,0,0,0,88.24,-4.76,4.9,210.96,2.62,6.44
2025/1/5 04:00,249.04,60492.758,8810.952,16873.309,6954.08,24.92,-1.865,13.001,4637.989,-1.09,-2.69,1019.7,984.59,0,0,0,88.88,-4.91,4.8,199.89,2.5,5.91
2025/1/5 05:00,274.42,62678.297,8873.599,20784.48,5824.28,23.12,-1.886,12.127,4598.455,-1.39,-3.14,1018.9,983.78,0,0,0,87.87,-5.05,4.6,192.38,2.1,5.06
2025/1/5 06:00,268.38,65500.95,8873.107,22096.022,5693.99,24.71,148.877,12.013,4628.637,-1.24,-3.34,1018.6,983.51,0,0,0,85.62,-5.09,4.3,192.01,2.4,5.44
2025/1/5 07:00,318.24,73954.61,8862.118,22564.997,5613.65,864.91,1030.47,13.039,4551.073,-1.14,-3.39,1018.5,983.42,0,0,0,84.68,-5.07,4.7,199.5,2.55,6.13
2025/1/5 08:00,326.78,73288.47,8865.207,21015.18,5481.43,4166.91,502.414,12.203,4597.439,-0.44,-3.19,1018.5,983.51,0,0,0,81.67,-4.68,5.4,200.14,3.2,6.39
2025/1/5 09:00,293.95,69336.32,8808.473,21045.441,3723.32,7539.32,-314.902,12.849,4635.264,1.66,-2.29,1018.7,983.96,0,0,0,75.04,-3.02,6.8,201.43,4.24,7.13
2025/1/5 10:00,240.47,66501.56,8761.805,20240.22,1959.67,9705.16,-1175.558,13.229,4569.685,4.56,-2.64,1018.6,984.22,0,0,0,59.56,0.25,7.6,217.37,3.46,6.67
2025/1/5 11:00,245.71,60835.19,8632.723,17787.308,1960.02,10636.9,-1705.027,12.279,4481.769,7.51,-4.04,1018,984,0,0,0,43.77,3.54,6.8,235.67,2.48,3.6
2025/1/5 12:00,214.55,60774.15,8645.488,17841.335,3146.86,10282.42,-2287.546,11.936,4423.881,9.56,-8.84,1016.9,983.18,0,0,0,26.39,4.48,7.4,287.45,3.67,4.89
2025/1/5 13:00,188.84,63976.27,8646.212,18072.193,5011.74,8597,-1439.098,11.67,4467.526,9.56,-10.19,1016.1,982.4,0,0,0,23.73,3.56,10.1,296.81,5.21,6.96
2025/1/5 14:00,268.24,67440.72,8735.506,18117.16,5771.78,5765.92,-863.698,11.404,4531.399,9.41,-9.34,1015.8,982.09,0,0,0,25.63,3.53,10.4,297.32,5.12,6.94
2025/1/5 15:00,319.59,71051.94,8823.112,19010.361,5969.64,1943.05,681.153,11.214,4455.596,8.36,-10.44,1016.4,982.55,0,0,0,25.23,2.22,10.3,317.23,5.45,7.46
2025/1/5 16:00,328.54,76125.85,8890.697,21878.688,5602.26,87.04,1464.758,11.518,4444.379,6.71,-10.19,1017.2,983.13,0,0,0,28.8,1.17,10.4,321.55,4.34,6.93
2025/1/5 17:00,333.79,78132.99,8899.358,23467.255,5871.92,26.67,1570.401,12.013,4470.798,4.01,-9.89,1018,983.58,0,0,0,35.57,-0.93,8,328.28,3.23,7.1
2025/1/5 18:00,334.21,75756.164,8924.948,23938.378,7753.15,26.44,1032.914,11.518,4474.491,2.16,-9.69,1019.4,984.7,0,0,0,41.18,-3.15,7.3,345.44,3.98,8.19
2025/1/5 19:00,314.8,74919.81,8898.816,24128.131,7298.75,27.97,535.704,12.051,4480.927,0.51,-9.54,1020.4,985.46,0,0,0,46.91,-4.23,7.3,344.05,2.91,7.01
2025/1/5 20:00,311.99,73152.25,8910.813,23364.027,8638.07,26.92,-1.622,11.784,4492.402,-0.74,-9.59,1021.5,986.37,0,0,0,51.16,-5.49,5.6,343.11,2.93,7.03
2025/1/5 21:00,290.71,69328.56,8811.477,22955.682,11409.96,24.89,-549.855,11.632,4629.631,-0.14,-8.54,1022.3,987.22,0,0,0,53.17,-4.44,4.8,340.35,2.23,5.96
2025/1/5 22:00,88.44,64604.746,8764.468,19173.969,12522.56,27.33,-1.732,11.86,4631.836,-1.64,-8.59,1022.6,987.32,0,0,0,59.1,-5.58,4.3,328.39,1.53,4.54
2025/1/5 23:00,-80,61429.06,8735.698,18005.768,13251.43,27.61,-859.718,11.898,4658.314,-0.69,-8.59,1022.9,987.73,0,0,0,55.12,-4.62,3,350.54,1.52,4.31
2025/1/6 00:00,-80,60230.664,8723.212,16915.486,13211.96,24.54,-1166.799,12.051,4646.631,-1.99,-8.69,1023.2,987.85,0,0,0,60.17,-5.83,3.1,330.52,1.32,3.81
2025/1/6 01:00,-80,59378.816,8682.005,16802.579,13368.94,24.82,-1979.743,11.898,4656.941,-2.49,-8.84,1023.6,988.17,0,0,0,61.7,-6.41,2.7,337.83,1.46,4.07
2025/1/6 02:00,23.26,59345.887,8649.396,16774.636,13732.8,27.18,-2265.784,11.518,4658.973,-2.64,-8.89,1024.4,988.93,0,0,0,62.15,-6.84,3.8,10.18,1.98,4.97
2025/1/6 03:00,57.41,58963.37,8669.246,16630.099,12944.19,28.81,-1675.282,11.708,4673.727,-3.29,-8.74,1024.6,989.04,0,0,0,66,-7.38,3.7,326.31,1.8,4.95
2025/1/6 04:00,169.86,60173.633,8666.172,16882.508,12197.59,29.67,-1158.312,10.948,4646.045,-2.54,-9.79,1024.8,989.33,0,0,0,57.49,-7.3,5,315,2.9,7.05
2025/1/6 05:00,197.53,63950.92,8668.752,20750.187,10716.12,25.82,-289.168,11.746,4671.701,-2.89,-10.84,1025.5,989.96,0,0,0,54.3,-8.19,6.9,314.46,3.78,7.78
2025/1/6 06:00,251.94,69165.74,8746.462,22041.247,9108.4,25.78,796.18,11.48,4684.06,-3.24,-11.79,1026.2,990.59,0,0,0,51.66,-8.45,7,319.67,3.48,7.11
2025/1/6 07:00,396.59,77654.37,8774.762,22346.136,8336.26,954.23,880.357,11.214,4676.753,-3.69,-12.54,1027.1,991.4,0,0,0,50.3,-8.68,6.4,315,2.97,6.47
2025/1/6 08:00,440.09,76678.61,8821.419,21297.181,7258.56,4598.56,1096.223,11.48,4670.349,-2.64,-12.34,1027.7,992.11,0,0,0,47.28,-8.12,7.1,316.55,3.93,6.26
2025/1/6 09:00,342.54,71972.445,8768.993,20919.993,6875.78,8028,-1.63,11.404,4684.308,-1.54,-12.04,1028.5,993.03,0,0,0,44.65,-6.81,6.9,314.43,3.57,5.2
2025/1/6 10:00,219.98,68446.766,8736.906,20311.031,8560.16,10739.97,-2230.102,11.062,4617.973,-0.49,-10.59,1028.9,993.55,0,0,0,46.42,-5.74,7.6,317.73,3.72,5
2025/1/6 11:00,-5.66,62491.31,8615.374,18677.099,9848.49,10092.87,-2215.113,11.708,4474.218,0.56,-8.84,1028.7,993.49,0,0,0,49.37,-4.59,8,320.87,3.8,5.02
2025/1/6 12:00,-80,62406.746,8640.562,17925.485,11132.53,10079.16,-2180.514,11.1,4471.397,0.96,-8.39,1028,992.86,0,0,0,49.68,-4.82,10,320.99,5.08,6.68
2025/1/6 13:00,-80,65730.35,8713.134,18263.339,10988.59,8968.14,-1079.505,11.632,4560.495,1.56,-8.84,1027.3,992.26,0,0,0,45.95,-4.81,11.9,317.98,6.12,8.22
2025/1/6 14:00,5.64,68659.55,8754.799,17899.351,12067.45,7046.73,-1.089,11.518,4614.596,2.01,-10.39,1026.8,991.83,0,0,0,39.39,-4.24,12.1,312.85,5.66,7.64
2025/1/6 15:00,296.77,73262.41,8916.689,18970.501,11083.77,3063.03,1568.8,11.442,4530.799,2.01,-17.04,1026.6,991.64,0,0,0,22.91,-4.79,11.5,313.64,5.94,8.2
2025/1/6 16:00,380.18,79481.62,8960.402,22120.95,9866.94,99.07,2134.955,11.708,4553.42,1.31,-17.49,1026.7,991.65,0,0,0,23.2,-5.18,11.4,314.24,5.3,7.64
2025/1/6 17:00,393.31,80930.36,8973.475,23362.17,9948.15,-11.5,2132.279,11.176,4594.906,-0.34,-17.04,1026.9,991.63,0,0,0,27.14,-5.69,9.8,309.23,3.16,6.42
2025/1/6 18:00,397.68,78590.89,8961.869,23980.333,10166.78,-11.3,1635.834,11.48,4618.312,-1.99,-16.84,1027.3,991.81,0,0,0,31.14,-6.84,6,296.56,2.24,6.15
2025/1/6 19:00,379.07,77152.57,9010.103,24041.914,10720.18,-11.49,1449.2,11.556,4631.191,-2.84,-16.59,1027.6,991.99,0,0,0,33.86,-7.65,4.3,285.95,2.18,6.18
2025/1/6 20:00,378.1,75033.42,8993.927,23138.604,11626.15,-11.49,181.123,12.013,4539.559,-3.44,-16.54,1027.8,992.11,0,0,0,35.56,-8.13,4.2,283.32,1.95,5.84
2025/1/6 21:00,348.96,71895.68,8931.985,22924.76,12450.83,-11.29,-1.589,11.746,4638.366,-3.19,-15.44,1028.4,992.72,0,0,0,38.24,-7.74,3.5,268.41,1.8,5.31
2025/1/6 22:00,267.85,66928.18,8838.649,19121.723,13365.75,-10.98,-1.616,11.138,4716.591,-3.29,-15.69,1027.9,992.22,0,0,0,37.74,-7.95,3.7,259.82,1.98,5.84
2025/1/6 23:00,197.52,63682.047,8829.66,18118.831,14537.3,-9.76,-11.669,11.86,4735.156,-3.64,-15.99,1027.7,991.98,0,0,0,37.79,-8.27,3.8,243.44,1.9,5.46
2025/1/7 00:00,139.98,62409.246,8779.356,17320.402,15116.2,-9.59,-846.227,11.784,4737.481,-3.74,-16.14,1027.1,991.39,0,0,0,37.6,-8.39,3.6,231.34,1.92,5.51
2025/1/7 01:00,113.33,61221.184,8789.419,16785.834,16159.23,-9.72,-1147.277,11.062,4770.702,-3.84,-16.44,1026.9,991.18,0,0,0,36.94,-8.59,3.9,222.09,2.09,5.71
2025/1/7 02:00,84.85,61454.9,8728.263,16784.497,16074.36,-9.58,-1444.537,11.556,4778.16,-3.69,-16.64,1026.6,990.91,0,0,0,35.93,-8.77,4.9,215.17,2.69,6.56
2025/1/7 03:00,55.75,61450.73,8690.881,16930.739,15335.38,-9.87,-1424.869,10.644,4764.932,-3.39,-16.79,1026,990.37,0,0,0,34.69,-8.51,5.3,225,2.76,6.95
2025/1/7 04:00,149.46,62326.562,8760.743,16665.469,14838.4,-9.67,-1122.526,11.138,4776.545,-3.29,-17.29,1025.4,989.81,0,0,0,33.02,-8.22,5.2,236.31,2.34,6.7
2025/1/7 05:00,174.49,65926.19,8837.786,20848.377,13545.96,-9.7,-1.839,10.606,4766.831,-2.89,-17.49,1024.7,989.18,0,0,0,31.52,-7.98,5.2,245.38,2.64,7.26
2025/1/7 06:00,235.37,71139.63,8863.854,22283.266,11639.9,-9.75,797.995,11.442,4769.512,-2.14,-17.89,1024.6,989.18,0,0,0,28.83,-7.47,6.1,268.12,3.05,7.67
2025/1/7 07:00,379.71,79094.086,8867.099,22692.054,10419.92,1249.88,1095.845,11.594,4762.726,-2.29,-17.59,1024.9,989.45,0,0,0,29.9,-7.46,5.9,287.78,2.78,7.25
2025/1/7 08:00,396.15,76652.8,8771.908,21473.673,8840.66,6654.19,666.241,11.404,4771.972,-1.79,-16.64,1025.4,990,0,0,0,31.2,-7.11,5.7,293.32,3.16,7.18
2025/1/7 09:00,99.3,71156.164,8681.202,20776.815,6971.1,10611.68,177.33,10.91,4700.418,0.46,-15.64,1025.9,990.77,0,0,0,28.78,-4.58,5.2,281.73,2.71,6.1
2025/1/7 10:00,-80,67495.625,8626.454,20325.206,6317.3,12357.21,-1972.258,11.024,4597.818,2.46,-15.69,1026,991.12,0,0,0,24.83,-3.13,7.4,296.91,3.76,5.28
2025/1/7 11:00,-80,60298.875,8596.691,18728.889,6969.11,10607.72,-2248.278,10.758,4575.278,3.46,-15.99,1025.4,990.66,0,0,0,22.57,-2.48,9,307.13,4.39,5.82
2025/1/7 12:00,-80,59678.426,8587.75,18258.455,8173.96,10266.36,-2206.236,11.632,4560.833,4.11,-16.54,1024.4,989.77,0,0,0,20.6,-1.86,9.2,309.47,4.4,5.83
2025/1/7 13:00,-80,63389.08,8618.927,18601.754,9359.25,9138.51,-1925.058,11.138,4579.362,4.46,-16.79,1023.5,988.95,0,0,0,19.68,-1.47,9.2,305.54,4.3,5.71
2025/1/7 14:00,35.86,67581.305,8690.411,18853.368,10441.84,6964.46,-1102.19,11.67,4660.814,4.76,-17.09,1022.4,987.92,0,0,0,18.79,-1.22,9,295.1,4.36,5.87
2025/1/7 15:00,259.66,72580.7,8850.397,19142.849,10576.47,3062.98,929.849,11.518,4699.209,4.51,-17.74,1022.1,987.6,0,0,0,18.11,-1.99,10,289.29,5.3,7.38
2025/1/7 16:00,372.08,78233.695,8933.075,22545.928,7867.16,115.8,1925.901,10.72,4749.797,3.41,-18.24,1021.9,987.27,0,0,0,18.75,-2.06,10,290.35,3.31,5.87
2025/1/7 17:00,395.83,79946.21,9013.771,23783.773,7107.32,4.76,2128.546,11.29,4739.248,-0.04,-17.89,1022,986.94,0,0,0,24.72,-4.98,6.2,288.82,2.32,6.29
2025/1/7 18:00,416.17,77819.82,9032.585,24387.586,6158.18,-11.44,2073.667,11.138,4727.705,-1.39,-17.24,1022,986.77,0,0,0,28.81,-6.25,4.4,288.44,2.21,6.07
2025/1/7 19:00,430.08,76774.69,9085.711,24410.061,5130.03,-11.67,1576.419,11.404,4713.703,-1.29,-16.99,1022.4,987.17,0,0,0,29.21,-6.02,4.1,267.14,2,5.48
2025/1/7 20:00,439.71,74892.234,9067.187,23625.739,5327.97,-11.78,1240.088,11.024,4709.572,-2.74,-17.14,1022.5,987.08,0,0,0,32.1,-7.38,3.7,223.88,1.8,4.52
2025/1/7 21:00,403.22,71764.586,8974.97,23228.016,6526.5,-11.56,1046.24,11.29,4717.805,-2.99,-14.64,1023,987.53,0,0,0,40.25,-7.43,2.9,197.35,1.68,3.19
2025/1/7 22:00,354.78,66634.77,8882.45,19416.976,7240.28,-11.46,691.902,11.404,4736.482,-3.34,-14.84,1022.8,987.29,0,0,0,40.63,-8.03,3.7,190.78,2.14,3.85
2025/1/7 23:00,341.25,63494.418,8874.124,18149.066,9021.47,-11.53,-1.603,11.898,4739.446,-3.29,-14.19,1022.5,987.01,0,0,0,42.7,-8.09,4.4,193.17,2.41,4.99
2025/1/8 00:00,281.49,61852.44,8875.491,17077.795,11175.08,-11.48,-1.584,11.024,4725.728,-3.04,-13.79,1022.2,986.75,0,0,0,43.3,-7.83,4.5,202.89,2.44,5.78
2025/1/8 01:00,176.68,61311.18,8871.992,17217.053,12483.1,-11.64,-10.69,11.328,4745.555,-2.24,-14.44,1021.8,986.47,0,0,0,38.7,-7.41,5.6,214.46,3.09,7.28
2025/1/8 02:00,170.82,61144.633,8829.107,16864.059,14106.54,-11.55,-1483.931,11.404,4755.007,-1.64,-14.99,1021.5,986.25,0,0,0,35.39,-6.95,6.1,221.92,3.29,7.91
2025/1/8 03:00,127.95,61074.656,8835.906,17087.397,15111.57,-11.73,-1473.773,11.898,4683.287,-1.59,-14.39,1021.7,986.45,0,0,0,37.04,-6.45,6.3,266.57,2.5,7.33
2025/1/8 04:00,120.29,62053.605,8859.954,16826.195,15943.03,-11.79,-1525.596,11.67,4697.213,-2.59,-13.14,1023.3,987.87,0,0,0,44.15,-8.15,9.7,16.84,3.97,7.68
2025/1/8 05:00,10.04,66105.13,8830.028,21144.605,15864.1,-11.83,-848.331,11.214,4652.625,-3.29,-8.19,1024.5,988.94,0,0,0,68.88,-9.25,9.9,360,5.45,9.57
2025/1/8 06:00,8.22,70839.305,8875.264,22246.022,15743.94,-11.8,250.35,11.328,4727.437,-3.69,-8.09,1025.3,989.66,0,0,0,71.52,-9.04,10.1,1.33,4.3,7.87
2025/1/8 07:00,250.23,78773.516,9006.89,22641.382,14922.24,1107.03,1041.109,11.214,4736.826,-4.44,-8.69,1026.4,990.62,0,0,0,72.21,-9.5,8,346.53,3.65,7
2025/1/8 08:00,243.27,77316.05,8932.825,21368.84,14192.44,6739.77,749.391,11.556,4715.129,-4.34,-9.64,1027.2,991.41,0,0,0,66.53,-9.67,7.3,335.67,4.01,7.09
2025/1/8 09:00,-80,72831.664,8878.56,21488.455,15136.54,8973.63,-2299.516,11.556,4550.821,-2.19,-9.99,1027.8,992.27,0,0,0,55.14,-7.52,7.5,336.99,3.97,6.7
2025/1/8 10:00,-79.49,70379.664,8803.656,20390.585,15133.63,9502.38,-2283.904,10.872,4497.263,-0.79,-14.19,1028.6,993.22,0,0,0,35.51,-7.46,11.3,350.85,5.98,8.33
2025/1/8 11:00,-73.51,63373.027,8805.083,18721.383,11268.93,9269.94,-2252.115,11.252,4481.456,-0.19,-15.24,1028.8,993.49,0,0,0,31.18,-7.2,12.7,349.38,6.51,8.89
2025/1/8 12:00,-69.67,63222.08,8861.049,18312.492,10245.76,8903.35,-2209.259,11.252,4515.009,-0.09,-15.49,1028.3,993.02,0,0,0,30.32,-7.08,12.8,342.41,6.45,8.75
2025/1/8 13:00,-76.01,66706.36,8832.014,18412.851,11073.09,8164.44,-1663.69,10.758,4537.52,-0.14,-16.94,1027.8,992.53,0,0,0,26.97,-7.37,13.3,340.09,6.75,9.19
2025/1/8 14:00,-80,70455.04,8945.904,18564.06,13856.82,6687,-283.002,10.644,4645.387,-0.44,-15.89,1027.6,992.3,0,0,0,30.09,-7.69,13.4,338.28,6.89,9.42
2025/1/8 15:00,240.04,75243.84,9144.139,19327.663,15048.72,3211,301.18,11.67,4755.971,-1.19,-15.84,1028.1,992.68,0,0,0,31.92,-8.44,13.3,337.89,6.91,9.6
2025/1/8 16:00,364.21,81173.89,9138.866,22134.866,13552.87,126.01,1445.939,11.784,4743.503,-2.39,-16.09,1028.7,993.11,0,0,0,34.15,-9.37,13.1,340.71,6.36,9.12
2025/1/8 17:00,372.79,83227.336,9201.874,23616.885,11630.14,23.98,2050.146,11.86,4752.885,-3.89,-16.34,1029.2,993.4,0,0,0,37.39,-10.12,11.8,339.72,4.9,8.24
2025/1/8 18:00,384.99,80898.055,9191.497,24169.966,10237.21,9.5,1660.998,11.29,4748.823,-4.89,-16.44,1030.2,994.23,0,0,0,39.98,-11.01,9.1,338.09,4.69,8.14
2025/1/8 19:00,391.33,79488.18,9123.761,24183.59,9587.51,-11.92,1528.696,10.53,4747.378,-5.49,-17.34,1031.1,995.02,0,0,0,38.8,-11.8,9.4,336.27,4.97,8.45
2025/1/8 20:00,384.43,77319.79,9098.493,23476.204,8882.19,-11.74,1813.145,11.024,4735.222,-5.84,-18.19,1031.9,995.75,0,0,0,37.09,-11.93,9.3,337.72,4.48,7.83
2025/1/8 21:00,388.39,74122.99,9060.788,23049.335,8758.6,-11.72,-1.494,10.986,4729.474,-5.79,-17.24,1032.8,996.62,0,0,0,40.03,-11.33,7.9,335.62,3.51,6.64
2025/1/8 22:00,387.84,68887.625,9053.735,19407.608,9662.27,-11.85,-1.479,11.024,4753.86,-6.19,-17.59,1032.9,996.67,0,0,0,40.07,-11.16,6.7,324.32,2.4,5.58
2025/1/8 23:00,356.49,65357.12,9038.878,18037.789,10650.32,-11.68,-1.493,10.682,4759.857,-6.29,-18.24,1032.7,996.46,0,0,0,38.22,-11.22,4.8,311.42,2.27,5.81
2025/1/9 00:00,297.37,63860.223,9036.337,16968.46,11660.11,-11.73,-1.58,10.606,4690.989,-5.49,-20.64,1032.6,996.47,0,0,0,29.28,-11.5,7.6,318.42,4.14,7.79
2025/1/9 01:00,232.04,62833.594,8993.282,17210.686,13033.45,-11.14,-586.772,11.138,4704.207,-5.24,-21.34,1032.5,996.41,0,0,0,27.03,-11.74,9.3,319.83,5.04,8.86
2025/1/9 02:00,158.02,63046.09,8953.176,16671.004,13162.93,-11.31,-1163.375,10.72,4711.72,-5.54,-20.54,1032.9,996.75,0,0,0,29.64,-12.17,9.9,323.77,5.33,9.1
2025/1/9 03:00,255.35,62741.492,8919.197,16762.413,13208.16,-11.79,-1157.593,10.53,4706.56,-5.99,-19.54,1033.3,997.08,0,0,0,33.44,-12.48,9.9,325.69,5.15,8.81
2025/1/9 04:00,299.45,63855.715,8922.601,16489.583,13501.3,-11.55,-764.576,10.986,4697.277,-6.14,-19.04,1033.6,997.35,0,0,0,35.3,-12.56,9.6,326.31,5.05,8.66
2025/1/9 05:00,245.97,67364.836,8893.59,20640.961,13076.59,-11.83,-1.574,11.024,4723.61,-6.29,-18.99,1033.4,997.14,0,0,0,35.86,-12.7,9.5,326.78,5.02,8.56
2025/1/9 06:00,226.4,72332.82,8965.305,21969.424,12970.14,-11.78,480.045,10.834,4728.741,-6.39,-19.14,1033.8,997.51,0,0,0,35.67,-12.66,9.4,325.3,4.74,8.24